category,item,serving_size,calories,calories_from_fat,total_fat,total_fat_pct_dv,saturated_fat,saturated_fat_pct_dv,trans_fat,cholesterol,cholesterol_pct_dv,sodium,sodium_pct_dv,carbohydrates,carbohydrates_pct_dv,dietary_fiber,dietary_fiber_pct_dv,sugars,protein,vitamin_a_pct_dv,vitamin_c_pct_dv,calcium_pct_dv,iron_pct_dv,serving_weight_g,calorie_density,high_sugar_spike,protein_100g,category_encoded,item_encoded
Breakfast,Egg McMuffin,4.8 oz (136 g),0.15281501340482576,120,0.11016949152542373,20,5.0,25,0.0,260,87,0.20833333333333334,31,0.19708029197080293,10,4,17,3,0.1954022988505747,10,0,25,15,0.17341977309562398,2.2058823529411766,No,12.5,1,45
Breakfast,Egg White Delight,4.8 oz (135 g),0.1260053619302949,70,0.06779661016949153,12,3.0,15,0.0,25,8,0.21388888888888888,32,0.1897810218978102,10,4,17,3,0.20689655172413793,6,0,25,8,0.1717990275526742,1.8518518518518519,No,13.333333333333334,1,46
Breakfast,Sausage McMuffin,3.9 oz (111 g),0.19034852546916892,200,0.19491525423728814,35,8.0,42,0.0,45,15,0.21666666666666667,33,0.18248175182481752,10,4,17,2,0.16091954022988506,8,0,25,10,0.13290113452188004,3.3333333333333335,No,12.612612612612612,1,113
Breakfast,Sausage McMuffin with Egg,5.7 oz (161 g),0.23324396782841825,250,0.23728813559322035,43,10.0,52,0.0,285,95,0.2388888888888889,36,0.1897810218978102,10,4,17,2,0.24137931034482757,15,0,30,15,0.21393841166936792,2.7950310559006213,No,13.043478260869565,1,114
Breakfast,Sausage McMuffin with Egg Whites,5.7 oz (161 g),0.20643431635388743,210,0.19491525423728814,35,8.0,42,0.0,50,16,0.24444444444444444,37,0.1897810218978102,10,4,17,2,0.24137931034482757,6,0,25,10,0.21393841166936792,2.484472049689441,No,13.043478260869565,1,115
Breakfast,Steak & Egg McMuffin,6.5 oz (185 g),0.2225201072386059,210,0.19491525423728814,36,9.0,46,1.0,300,100,0.26666666666666666,40,0.19708029197080293,10,4,18,3,0.29885057471264365,15,2,30,20,0.2528363047001621,2.324324324324324,No,14.054054054054054,1,126
Breakfast,"Bacon, Egg & Cheese Biscuit (Regular Biscuit)",5.3 oz (150 g),0.23860589812332442,230,0.22033898305084745,40,13.0,65,0.0,250,83,0.3611111111111111,54,0.24817518248175183,13,2,7,3,0.21839080459770116,10,8,15,15,0.19611021069692056,3.066666666666667,No,12.666666666666668,1,10
Breakfast,"Bacon, Egg & Cheese Biscuit (Large Biscuit)",5.8 oz (164 g),0.2707774798927614,270,0.2542372881355932,47,14.0,68,0.0,250,83,0.39166666666666666,59,0.2846715328467153,14,3,12,4,0.21839080459770116,15,8,20,20,0.2188006482982172,3.1707317073170733,No,11.585365853658537,1,9
Breakfast,"Bacon, Egg & Cheese Biscuit with Egg Whites (Regular Biscuit)",5.4 oz (153 g),0.2117962466487936,180,0.1694915254237288,32,11.0,56,0.0,35,11,0.3611111111111111,54,0.23357664233576644,12,2,7,3,0.22988505747126436,2,8,15,10,0.20097244732576983,2.679738562091503,No,13.071895424836603,1,12
Breakfast,"Bacon, Egg & Cheese Biscuit with Egg Whites (Large Biscuit)",5.9 oz (167 g),0.24396782841823056,220,0.211864406779661,38,12.0,59,0.0,35,11,0.39444444444444443,59,0.2773722627737226,14,3,12,4,0.22988505747126436,6,8,15,15,0.22366288492706646,2.81437125748503,No,11.976047904191617,1,11
Breakfast,Sausage Biscuit (Regular Biscuit),4.1 oz (117 g),0.2225201072386059,240,0.2288135593220339,42,12.0,62,0.0,30,10,0.3,45,0.21897810218978103,11,2,6,2,0.12643678160919541,0,0,6,15,0.14262560777957858,3.675213675213675,No,9.401709401709402,1,106
Breakfast,Sausage Biscuit (Large Biscuit),4.6 oz (131 g),0.24932975871313673,280,0.2627118644067797,48,13.0,65,0.0,30,10,0.33055555555555555,50,0.2554744525547445,13,3,11,3,0.12643678160919541,4,0,8,15,0.1653160453808752,3.66412213740458,No,8.396946564885496,1,105
Breakfast,Sausage Biscuit with Egg (Regular Biscuit),5.7 oz (163 g),0.26541554959785524,290,0.2796610169491525,50,14.0,71,0.0,250,83,0.325,49,0.23357664233576644,12,2,6,2,0.20689655172413793,6,0,10,20,0.2171799027552674,3.128834355828221,No,11.042944785276074,1,108
Breakfast,Sausage Biscuit with Egg (Large Biscuit),6.2 oz (177 g),0.29758713136729226,330,0.3135593220338983,57,15.0,74,0.0,250,83,0.35555555555555557,53,0.2773722627737226,14,3,11,3,0.20689655172413793,10,0,10,20,0.239870340356564,3.2203389830508473,No,10.16949152542373,1,107
Breakfast,Sausage Biscuit with Egg Whites (Regular Biscuit),5.9 oz (167 g),0.23860589812332442,250,0.2288135593220339,42,12.0,62,0.0,35,11,0.3277777777777778,49,0.21897810218978103,11,2,6,3,0.20689655172413793,0,0,8,15,0.22366288492706646,2.754491017964072,No,10.778443113772456,1,110
Breakfast,Sausage Biscuit with Egg Whites (Large Biscuit),6.4 oz (181 g),0.2707774798927614,280,0.2711864406779661,49,13.0,65,0.0,35,11,0.35833333333333334,54,0.2627737226277372,13,3,11,3,0.20689655172413793,4,0,8,15,0.24635332252836303,2.8729281767955803,No,9.94475138121547,1,109
Breakfast,Southern Style Chicken Biscuit (Regular Biscuit),5 oz (143 g),0.2117962466487936,180,0.1694915254237288,31,8.0,41,0.0,30,10,0.3277777777777778,49,0.2700729927007299,14,2,6,3,0.1954022988505747,0,2,6,15,0.18476499189627227,2.867132867132867,No,11.888111888111888,1,123
Breakfast,Southern Style Chicken Biscuit (Large Biscuit),5.5 oz (157 g),0.24396782841823056,220,0.2033898305084746,37,9.0,45,0.0,30,10,0.35833333333333334,54,0.3065693430656934,15,3,11,4,0.1954022988505747,4,2,8,15,0.20745542949756887,2.9936305732484074,No,10.828025477707007,1,122
Breakfast,Steak & Egg Biscuit (Regular Biscuit),7.1 oz (201 g),0.28150134048257375,290,0.2711864406779661,49,16.0,78,1.0,280,93,0.4083333333333333,61,0.24817518248175183,13,2,8,3,0.28735632183908044,10,2,20,25,0.2787682333873582,2.6865671641791047,No,12.437810945273633,1,125
Breakfast,"Bacon, Egg & Cheese McGriddles",6.1 oz (174 g),0.23860589812332442,190,0.17796610169491525,32,9.0,44,0.0,250,84,0.3472222222222222,52,0.32116788321167883,16,2,9,15,0.21839080459770116,10,10,20,15,0.23500810372771472,2.6436781609195403,No,10.919540229885058,1,13
Breakfast,"Bacon, Egg & Cheese McGriddles with Egg Whites",6.3 oz (178 g),0.20643431635388743,140,0.1271186440677966,24,7.0,34,0.0,35,11,0.3472222222222222,52,0.3138686131386861,16,2,9,16,0.22988505747126436,2,10,15,10,0.24149108589951376,2.247191011235955,No,11.235955056179774,1,14
Breakfast,Sausage McGriddles,5 oz (141 g),0.21715817694369974,200,0.1864406779661017,34,8.0,40,0.0,35,11,0.2861111111111111,43,0.291970802919708,15,2,8,15,0.12643678160919541,0,0,8,10,0.18152350081037275,2.978723404255319,No,7.801418439716312,1,112
Breakfast,"Sausage, Egg & Cheese McGriddles",7.1 oz (201 g),0.2868632707774799,280,0.2627118644067797,48,12.0,61,0.0,265,89,0.36666666666666664,55,0.32116788321167883,16,2,9,15,0.22988505747126436,10,0,20,15,0.2787682333873582,2.736318407960199,No,9.950248756218906,1,116
Breakfast,"Sausage, Egg & Cheese McGriddles with Egg Whites",7.2 oz (205 g),0.26005361930294907,230,0.22033898305084745,40,10.0,52,0.0,50,17,0.36666666666666664,55,0.3065693430656934,15,2,9,15,0.24137931034482757,2,0,20,10,0.2852512155591572,2.4390243902439024,No,10.24390243902439,1,117
Breakfast,"Bacon, Egg & Cheese Bagel",6.9 oz (197 g),0.3243967828418231,280,0.2627118644067797,48,11.0,56,0.5,275,92,0.4111111111111111,62,0.3868613138686131,19,3,11,7,0.3448275862068966,20,15,20,20,0.2722852512155592,3.1472081218274113,No,15.228426395939088,1,7
Breakfast,"Bacon, Egg & Cheese Bagel with Egg Whites",7.1 oz (201 g),0.29758713136729226,230,0.211864406779661,39,9.0,45,0.5,60,20,0.4111111111111111,62,0.3722627737226277,18,3,12,8,0.3448275862068966,10,15,20,15,0.2787682333873582,2.8358208955223883,No,14.925373134328357,1,8
Breakfast,"Steak, Egg & Cheese Bagel",8.5 oz (241 g),0.3512064343163539,310,0.2966101694915254,53,13.0,63,1.5,295,99,0.41944444444444445,63,0.3795620437956204,19,3,12,7,0.3793103448275862,20,4,25,25,0.34359805510534847,2.780082987551867,No,13.692946058091287,1,127
Breakfast,Big Breakfast (Regular Biscuit),9.5 oz (269 g),0.3887399463806971,430,0.4067796610169492,73,17.0,87,0.0,555,185,0.43333333333333335,65,0.3430656934306569,17,3,12,3,0.3218390804597701,15,2,15,25,0.3889789303079417,2.7509293680297398,No,10.408921933085502,1,17
Breakfast,Big Breakfast (Large Biscuit),10 oz (283 g),0.4209115281501341,470,0.4406779661016949,80,18.0,90,0.0,555,185,0.4666666666666667,70,0.3795620437956204,19,4,17,3,0.3218390804597701,15,2,15,30,0.41166936790923825,2.8268551236749118,No,9.89399293286219,1,16
Breakfast,Big Breakfast with Egg Whites (Regular Biscuit),9.6 oz (272 g),0.3351206434316354,330,0.3135593220338983,57,14.0,69,0.0,35,12,0.44166666666666665,66,0.3357664233576642,17,3,12,3,0.29885057471264365,0,2,10,15,0.39384116693679094,2.3529411764705883,No,9.558823529411764,1,19
Breakfast,Big Breakfast with Egg Whites (Large Biscuit),10.1 oz (286 g),0.36193029490616624,370,0.3474576271186441,63,14.0,72,0.0,35,12,0.4722222222222222,71,0.3722627737226277,18,4,17,4,0.29885057471264365,4,2,10,15,0.4165316045380875,2.4125874125874125,No,9.090909090909092,1,18
Breakfast,Big Breakfast with Hotcakes (Regular Biscuit),14.8 oz (420 g),0.5764075067024129,510,0.4745762711864407,87,19.0,96,0.0,575,192,0.5972222222222222,90,0.781021897810219,37,6,23,17,0.41379310344827586,15,2,25,40,0.6337115072933549,2.5952380952380953,No,8.571428571428571,1,21
Breakfast,Big Breakfast with Hotcakes (Large Biscuit),15.3 oz (434 g),0.6085790884718499,540,0.5084745762711864,93,20.0,100,0.0,575,192,0.6277777777777778,94,0.8175182481751825,39,7,28,17,0.41379310344827586,15,2,30,40,0.6564019448946515,2.6497695852534564,No,8.294930875576037,1,20
Breakfast,Big Breakfast with Hotcakes and Egg Whites (Regular Biscuit),14.9 oz (423 g),0.5227882037533512,410,0.3898305084745763,70,16.0,78,0.0,55,19,0.6027777777777777,91,0.7737226277372263,37,6,23,17,0.40229885057471265,0,2,25,30,0.6385737439222042,2.3404255319148937,No,8.274231678486997,1,23
Breakfast,Big Breakfast with Hotcakes and Egg Whites (Large Biscuit),15.4 oz (437 g),0.5549597855227882,450,0.423728813559322,77,16.0,81,0.0,55,19,0.6361111111111111,95,0.8102189781021898,38,7,28,18,0.40229885057471265,4,2,25,30,0.6612641815235007,2.402745995423341,No,8.009153318077804,1,22
Breakfast,Hotcakes,5.3 oz (151 g),0.17962466487935658,80,0.07627118644067797,13,2.0,9,0.0,20,7,0.1638888888888889,24,0.4087591240875912,20,3,10,14,0.09195402298850575,0,0,15,15,0.19773095623987033,2.3178807947019866,No,5.298013245033113,1,57
Breakfast,Hotcakes and Sausage,6.8 oz (192 g),0.2707774798927614,210,0.2033898305084746,37,7.0,36,0.0,50,17,0.25833333333333336,39,0.41605839416058393,20,3,10,14,0.1724137931034483,0,0,15,15,0.26418152350081037,2.7083333333333335,No,7.8125,1,58
Breakfast,Sausage Burrito,3.9 oz (111 g),0.15281501340482576,150,0.13559322033898305,25,7.0,33,0.0,115,38,0.21944444444444444,33,0.16058394160583941,9,1,5,2,0.13793103448275862,10,2,15,15,0.13290113452188004,2.7027027027027026,No,10.81081081081081,1,111
Breakfast,Hash Brown,2 oz (56 g),0.07238605898123325,80,0.07627118644067797,14,1.5,6,0.0,0,0,0.08611111111111111,13,0.0802919708029197,5,2,6,0,0.011494252873563218,0,2,0,2,0.04376012965964344,2.6785714285714284,No,1.7857142857142856,1,52
Breakfast,Cinnamon Melts,4 oz (114 g),0.23860589812332442,170,0.16101694915254236,30,9.0,43,0.0,15,5,0.10277777777777777,15,0.4525547445255474,22,3,11,32,0.06896551724137931,4,0,6,15,0.1377633711507293,4.035087719298246,No,5.263157894736842,1,41
Breakfast,Fruit & Maple Oatmeal,9.6 oz (251 g),0.14745308310991959,35,0.03389830508474576,6,1.5,8,0.0,5,2,0.044444444444444446,7,0.3941605839416058,19,5,19,32,0.05747126436781609,2,130,10,10,0.35980551053484605,1.155378486055777,Yes,1.9920318725099602,1,48
Breakfast,Fruit & Maple Oatmeal without Brown Sugar,9.6 oz (251 g),0.13136729222520108,40,0.03389830508474576,6,1.5,8,0.0,5,2,0.03194444444444444,5,0.3284671532846715,16,5,22,18,0.05747126436781609,2,130,6,10,0.35980551053484605,1.0358565737051793,No,1.9920318725099602,1,49
Beef & Pork,Big Mac,7.4 oz (211 g),0.2761394101876676,240,0.2288135593220339,42,10.0,48,1.0,85,28,0.26666666666666666,40,0.3138686131386861,16,3,13,9,0.27586206896551724,6,2,25,25,0.29497568881685576,2.5118483412322274,No,11.374407582938389,0,24
Beef & Pork,Quarter Pounder with Cheese,7.1 oz (202 g),0.2707774798927614,240,0.22033898305084745,41,12.0,61,1.5,95,31,0.3055555555555556,46,0.2700729927007299,14,3,11,10,0.3448275862068966,10,2,30,25,0.28038897893030795,2.5742574257425743,No,14.85148514851485,0,102
Beef & Pork,Quarter Pounder with Bacon & Cheese,8 oz (227 g),0.31367292225201077,260,0.2457627118644068,45,13.0,63,1.5,105,34,0.4,60,0.32116788321167883,16,3,12,12,0.42528735632183906,6,15,25,30,0.3209076175040519,2.643171806167401,No,16.299559471365637,0,100
Beef & Pork,Quarter Pounder with Bacon Habanero Ranch,8.3 oz (235 g),0.31903485254691694,280,0.2627118644067797,48,13.0,64,1.5,105,35,0.3277777777777778,49,0.3065693430656934,15,3,14,10,0.42528735632183906,8,20,25,30,0.3338735818476499,2.595744680851064,No,15.74468085106383,0,101
Beef & Pork,Quarter Pounder Deluxe,8.6 oz (244 g),0.28150134048257375,250,0.2288135593220339,42,11.0,54,1.5,85,28,0.26666666666666666,40,0.2992700729927007,15,3,13,9,0.3333333333333333,10,8,25,30,0.34846029173419774,2.2131147540983607,No,11.885245901639344,0,99
Beef & Pork,Double Quarter Pounder with Cheese,10 oz (283 g),0.39410187667560326,380,0.3644067796610169,66,19.0,96,2.5,160,53,0.35555555555555557,53,0.2773722627737226,14,3,11,10,0.5517241379310345,10,2,30,35,0.41166936790923825,2.65017667844523,No,16.96113074204947,0,44
Beef & Pork,Hamburger,3.5 oz (98 g),0.12064343163538874,70,0.06779661016949153,12,3.0,15,0.0,30,10,0.13333333333333333,20,0.20437956204379562,11,1,6,6,0.13793103448275862,2,2,10,15,0.11183144246353321,2.4489795918367347,No,12.244897959183673,0,51
Beef & Pork,Cheeseburger,4 oz (113 g),0.14745308310991959,100,0.09322033898305085,18,5.0,27,0.5,45,15,0.18888888888888888,28,0.2116788321167883,11,2,7,7,0.1724137931034483,6,2,20,15,0.13614262560777957,2.566371681415929,No,13.274336283185843,0,29
Beef & Pork,Double Cheeseburger,5.7 oz (161 g),0.2225201072386059,190,0.17796610169491525,32,10.0,52,1.0,90,30,0.28888888888888886,43,0.2262773722627737,12,2,8,7,0.27586206896551724,10,2,30,20,0.21393841166936792,2.670807453416149,No,14.906832298136646,0,43
Beef & Pork,Bacon Clubhouse Burger,9.5 oz (270 g),0.37801608579088475,360,0.3389830508474576,62,15.0,75,1.5,115,38,0.4083333333333333,61,0.3430656934306569,17,4,14,14,0.4482758620689655,8,25,30,25,0.3905996758508914,2.6666666666666665,No,14.444444444444443,0,3
Beef & Pork,McDouble,5.2 oz (147 g),0.1957104557640751,150,0.1440677966101695,26,8.0,40,1.0,75,25,0.23333333333333334,35,0.21897810218978103,11,2,7,7,0.25287356321839083,6,2,20,20,0.19124797406807129,2.5850340136054424,No,14.965986394557824,0,67
Beef & Pork,Bacon McDouble,5.7 oz (161 g),0.22788203753351208,200,0.1864406779661017,34,10.0,49,1.0,90,30,0.30833333333333335,46,0.2262773722627737,12,2,7,7,0.3103448275862069,6,10,20,20,0.21393841166936792,2.732919254658385,No,16.77018633540373,0,6
Beef & Pork,Daily Double,6.7 oz (190 g),0.2225201072386059,200,0.1864406779661017,35,9.0,44,1.0,80,27,0.2111111111111111,32,0.21897810218978103,11,2,8,7,0.25287356321839083,8,8,20,20,0.26094003241491087,2.263157894736842,No,11.578947368421053,0,42
Beef & Pork,Jalapeño Double,5.6 oz (159 g),0.2225201072386059,210,0.19491525423728814,36,9.0,44,1.0,80,27,0.2861111111111111,43,0.2262773722627737,12,2,7,6,0.25287356321839083,6,8,20,20,0.21069692058346837,2.7044025157232703,No,13.836477987421384,0,59
Beef & Pork,McRib,7.3 oz (208 g),0.26005361930294907,240,0.22033898305084745,40,10.0,48,0.0,70,23,0.2722222222222222,41,0.291970802919708,15,3,10,11,0.25287356321839083,2,2,15,20,0.2901134521880065,2.4038461538461537,No,10.576923076923077,0,76
Chicken & Fish,Premium Crispy Chicken Classic Sandwich,7.5 oz (213 g),0.26541554959785524,200,0.1864406779661017,33,3.5,18,0.0,45,16,0.275,41,0.3722627737226277,18,3,13,10,0.27586206896551724,4,6,15,20,0.29821717990275526,2.3943661971830985,No,11.267605633802818,2,82
Chicken & Fish,Premium Grilled Chicken Classic Sandwich,7 oz (200 g),0.17962466487935658,80,0.07627118644067797,13,2.0,9,0.0,65,22,0.22777777777777777,34,0.2773722627737226,14,3,13,8,0.3218390804597701,4,8,15,20,0.27714748784440846,1.75,No,14.000000000000002,2,85
Chicken & Fish,Premium Crispy Chicken Club Sandwich,8.8 oz (249 g),0.3512064343163539,300,0.2796610169491525,51,9.0,44,0.0,85,29,0.39166666666666666,59,0.3941605839416058,19,3,14,11,0.41379310344827586,8,20,30,20,0.3565640194489465,2.6907630522088355,No,14.457831325301203,2,83
Chicken & Fish,Premium Grilled Chicken Club Sandwich,8.3 oz (235 g),0.26541554959785524,180,0.1694915254237288,31,7.0,36,0.0,105,35,0.3472222222222222,52,0.291970802919708,15,3,13,9,0.45977011494252873,8,20,30,20,0.3338735818476499,2.1702127659574466,No,17.02127659574468,2,86
Chicken & Fish,Premium Crispy Chicken Ranch BLT Sandwich,8.1 oz (230 g),0.31903485254691694,250,0.23728813559322035,43,6.0,31,0.0,70,24,0.3888888888888889,58,0.3868613138686131,19,3,13,11,0.367816091954023,4,20,15,20,0.32576985413290116,2.652173913043478,No,13.91304347826087,2,84
Chicken & Fish,Premium Grilled Chicken Ranch BLT Sandwich,7.6 oz (217 g),0.23324396782841825,130,0.1271186440677966,23,4.5,22,0.0,90,30,0.3416666666666667,51,0.2846715328467153,14,3,13,9,0.41379310344827586,4,20,15,20,0.3047001620745543,2.0737327188940093,No,16.589861751152075,2,87
Chicken & Fish,Bacon Clubhouse Crispy Chicken Sandwich,10 oz (284 g),0.39410187667560326,340,0.3220338983050847,59,10.0,51,0.5,90,31,0.4777777777777778,72,0.4452554744525547,22,4,15,16,0.41379310344827586,8,25,30,15,0.413290113452188,2.640845070422535,No,12.676056338028168,2,4
Chicken & Fish,Bacon Clubhouse Grilled Chicken Sandwich,9.5 oz (270 g),0.3083109919571046,230,0.211864406779661,39,8.0,42,0.0,110,37,0.43333333333333335,65,0.3430656934306569,17,4,15,14,0.45977011494252873,8,30,30,15,0.3905996758508914,2.185185185185185,No,14.814814814814813,2,5
Chicken & Fish,Southern Style Crispy Chicken Sandwich,5.6 oz (160 g),0.2225201072386059,170,0.16101694915254236,29,3.0,15,0.0,45,14,0.25277777777777777,38,0.2846715328467153,14,2,7,7,0.24137931034482757,4,2,15,15,0.21231766612641814,2.6875,No,13.125,2,124
Chicken & Fish,McChicken,5.1 oz (143 g),0.18498659517426275,140,0.13559322033898305,25,3.0,15,0.0,35,11,0.2222222222222222,33,0.2627737226277372,13,2,7,5,0.16091954022988506,0,2,10,15,0.18476499189627227,2.5174825174825175,No,9.79020979020979,2,66
Chicken & Fish,Bacon Cheddar McChicken,6 oz (171 g),0.24932975871313673,220,0.2033898305084746,38,7.0,35,0.0,65,21,0.35,53,0.2846715328467153,14,2,8,6,0.25287356321839083,4,10,20,15,0.23014586709886545,2.807017543859649,No,12.865497076023392,2,2
Chicken & Fish,Bacon Buffalo Ranch McChicken,5.7 oz (161 g),0.2225201072386059,190,0.17796610169491525,32,5.0,25,0.0,50,17,0.35,53,0.2700729927007299,14,2,7,6,0.22988505747126436,2,10,15,15,0.21393841166936792,2.670807453416149,No,12.422360248447205,2,1
Chicken & Fish,Buffalo Ranch McChicken,5.2 oz (148 g),0.18498659517426275,150,0.13559322033898305,25,3.0,16,0.0,35,11,0.275,41,0.2627737226277372,13,2,7,5,0.16091954022988506,2,2,15,15,0.19286871961102106,2.4324324324324325,No,9.45945945945946,2,28
Chicken & Fish,Premium McWrap Chicken & Bacon (Crispy Chicken),11.1 oz (316 g),0.3297587131367293,280,0.2711864406779661,49,9.0,45,0.5,80,26,0.42777777777777776,64,0.3795620437956204,19,3,13,7,0.367816091954023,60,20,20,20,0.4651539708265803,1.9936708860759493,No,10.126582278481013,2,88
Chicken & Fish,Premium McWrap Chicken & Bacon (Grilled Chicken),10.7 oz (302 g),0.24932975871313673,170,0.16101694915254236,28,7.0,36,0.0,95,32,0.38055555555555554,57,0.2773722627737226,14,3,13,6,0.41379310344827586,60,25,20,20,0.44246353322528365,1.5894039735099337,No,11.920529801324504,2,89
Chicken & Fish,Premium McWrap Chicken & Ranch (Crispy Chicken),10.9 oz (310 g),0.31903485254691694,280,0.2627118644067797,47,8.0,40,0.5,65,21,0.37222222222222223,56,0.3795620437956204,19,3,14,8,0.3103448275862069,60,15,20,20,0.45542949756888174,1.967741935483871,No,8.709677419354838,2,90
Chicken & Fish,Premium McWrap Chicken & Ranch (Grilled Chicken),10.5 oz (297 g),0.23324396782841825,160,0.15254237288135594,27,6.0,31,0.5,80,27,0.325,49,0.2773722627737226,14,3,14,6,0.3448275862068966,60,15,15,20,0.4343598055105348,1.5151515151515151,No,10.1010101010101,2,91
Chicken & Fish,Premium McWrap Southwest Chicken (Crispy Chicken),11.1 oz (314 g),0.3512064343163539,300,0.2796610169491525,51,8.0,40,0.5,60,21,0.4111111111111111,62,0.46715328467153283,23,5,19,12,0.3103448275862069,60,15,20,20,0.4619124797406807,2.1337579617834397,No,8.598726114649681,2,94
Chicken & Fish,Premium McWrap Southwest Chicken (Grilled Chicken),11.2 oz (318 g),0.2707774798927614,180,0.1694915254237288,31,6.0,32,0.0,80,27,0.36666666666666664,55,0.3722627737226277,18,5,20,10,0.3563218390804598,70,15,20,20,0.4683954619124797,1.6352201257861636,No,9.748427672955975,2,95
Chicken & Fish,Premium McWrap Chicken Sweet Chili (Crispy Chicken),10.7 oz (304 g),0.28150134048257375,200,0.19491525423728814,35,4.5,23,0.0,50,16,0.35,52,0.41605839416058393,20,3,13,14,0.26436781609195403,60,15,8,20,0.44570502431118314,1.7763157894736843,No,7.565789473684211,2,92
Chicken & Fish,Premium McWrap Chicken Sweet Chili (Grilled Chicken),10.3 oz (291 g),0.1957104557640751,90,0.0847457627118644,15,3.0,14,0.0,65,22,0.30277777777777776,45,0.3138686131386861,16,3,13,12,0.3103448275862069,60,15,8,20,0.4246353322528363,1.3058419243986255,No,9.278350515463918,2,93
Chicken & Fish,Chicken McNuggets (4 piece),2.3 oz (65 g),0.09383378016085792,110,0.1016949152542373,18,2.0,10,0.0,25,9,0.1,15,0.05839416058394161,4,1,2,0,0.10344827586206896,0,2,0,2,0.05834683954619125,2.923076923076923,No,13.846153846153847,2,32
Chicken & Fish,Chicken McNuggets (6 piece),3.4 oz (97 g),0.14209115281501342,160,0.15254237288135594,27,3.0,15,0.0,40,13,0.15,22,0.10218978102189782,6,1,4,0,0.14942528735632182,0,2,2,4,0.11021069692058347,2.88659793814433,No,13.402061855670103,2,34
Chicken & Fish,Chicken McNuggets (10 piece),5.7 oz (162 g),0.24396782841823056,270,0.2542372881355932,45,5.0,25,0.0,65,22,0.25,37,0.1897810218978102,10,2,6,0,0.25287356321839083,0,4,2,6,0.21555915721231764,2.9012345679012346,No,13.580246913580247,2,30
Chicken & Fish,Chicken McNuggets (20 piece),11.4 oz (323 g),0.4959785522788204,530,0.5,91,10.0,50,0.0,135,44,0.5,75,0.4014598540145985,20,3,12,0,0.5057471264367817,0,8,4,10,0.4764991896272285,2.9102167182662537,No,13.622291021671826,2,31
Chicken & Fish,Chicken McNuggets (40 piece),22.8 oz (646 g),1.0,1060,1.0,182,20.0,101,1.0,265,89,1.0,150,0.8321167883211679,39,6,24,1,1.0,0,15,8,25,0.9999999999999999,2.9102167182662537,No,13.46749226006192,2,33
Chicken & Fish,Filet-O-Fish,5 oz (142 g),0.20107238605898126,170,0.16101694915254236,29,4.0,19,0.0,40,14,0.1638888888888889,24,0.2554744525547445,13,2,7,5,0.1724137931034483,2,0,15,10,0.18314424635332252,2.7464788732394365,No,10.56338028169014,2,47
Salads,Premium Bacon Ranch Salad (without Chicken),7.9 oz (223 g),0.06702412868632708,70,0.059322033898305086,11,3.5,18,0.0,25,9,0.08333333333333333,13,0.0437956204379562,3,3,12,4,0.10344827586206896,170,30,15,6,0.31442463533225284,0.6278026905829597,No,4.0358744394618835,4,79
Salads,Premium Bacon Ranch Salad with Crispy Chicken,9 oz (255 g),0.1957104557640751,190,0.17796610169491525,33,6.0,29,0.0,70,23,0.2388888888888889,36,0.13138686131386862,7,2,10,5,0.28735632183908044,100,25,15,8,0.36628849270664504,1.4901960784313726,No,9.803921568627452,4,80
Salads,Premium Bacon Ranch Salad with Grilled Chicken,8.5 oz (241 g),0.10991957104557641,80,0.06779661016949153,13,4.0,20,0.0,85,29,0.19166666666666668,29,0.029197080291970802,3,2,10,4,0.3333333333333333,110,30,15,8,0.34359805510534847,0.9128630705394191,No,12.033195020746888,4,81
Salads,Premium Southwest Salad (without Chicken),8.1 oz (230 g),0.06702412868632708,40,0.038135593220338986,7,2.0,9,0.0,10,3,0.041666666666666664,6,0.11678832116788321,7,6,23,6,0.06896551724137931,160,25,15,10,0.32576985413290116,0.6086956521739131,No,2.608695652173913,4,96
Salads,Premium Southwest Salad with Crispy Chicken,12.3 oz (348 g),0.23324396782841825,190,0.1864406779661017,33,4.5,22,0.0,50,17,0.2361111111111111,35,0.2773722627737226,14,7,28,12,0.26436781609195403,170,30,15,15,0.5170178282009724,1.293103448275862,No,6.609195402298851,4,97
Salads,Premium Southwest Salad with Grilled Chicken,11.8 oz (335 g),0.14745308310991959,80,0.06779661016949153,13,2.5,13,0.0,70,23,0.18888888888888888,28,0.17518248175182483,9,7,28,10,0.3103448275862069,170,30,15,15,0.49594813614262556,0.8656716417910447,No,8.059701492537313,4,98
Snacks & Sides,Chipotle BBQ Snack Wrap (Crispy Chicken),4.6 oz (130 g),0.1742627345844504,130,0.1271186440677966,23,4.5,22,0.0,30,11,0.21666666666666667,33,0.24087591240875914,12,1,6,8,0.16091954022988506,4,0,10,10,0.16369529983792544,2.6153846153846154,No,10.76923076923077,6,35
Snacks & Sides,Chipotle BBQ Snack Wrap (Grilled Chicken),4.3 oz (123 g),0.13136729222520108,70,0.06779661016949153,13,3.5,18,0.0,40,14,0.19444444444444445,29,0.1897810218978102,10,1,6,7,0.1839080459770115,4,2,10,10,0.15235008103727712,2.113821138211382,No,13.008130081300814,6,36
Snacks & Sides,Honey Mustard Snack Wrap (Crispy Chicken),4.3 oz (123 g),0.16890080428954424,130,0.1271186440677966,23,4.5,22,0.0,35,11,0.20277777777777778,30,0.21897810218978103,11,1,5,3,0.16091954022988506,2,0,10,10,0.15235008103727712,2.682926829268293,No,11.38211382113821,6,53
Snacks & Sides,Honey Mustard Snack Wrap (Grilled Chicken),4.1 oz (116 g),0.1260053619302949,70,0.06779661016949153,13,3.5,18,0.0,45,14,0.18055555555555555,27,0.1678832116788321,9,1,5,2,0.1839080459770115,2,2,10,10,0.14100486223662884,2.1551724137931036,No,13.793103448275861,6,54
Snacks & Sides,Ranch Snack Wrap (Crispy Chicken),4.5 oz (128 g),0.18498659517426275,180,0.1694915254237288,30,5.0,27,0.0,40,13,0.225,34,0.20437956204379562,11,1,5,3,0.1724137931034483,2,0,10,10,0.16045380875202592,2.8125,No,11.71875,6,103
Snacks & Sides,Ranch Snack Wrap (Grilled Chicken),4.3 oz (121 g),0.14209115281501342,120,0.11016949152542373,20,4.5,22,0.0,45,16,0.2,30,0.15328467153284672,8,1,5,2,0.1839080459770115,2,2,10,10,0.14910858995137763,2.3140495867768593,No,13.223140495867769,6,104
Snacks & Sides,Small French Fries,2.6 oz (75 g),0.11528150134048258,100,0.09322033898305085,17,1.5,8,0.0,0,0,0.03611111111111111,5,0.1897810218978102,10,2,10,0,0.022988505747126436,0,30,0,4,0.0745542949756888,3.066666666666667,No,2.666666666666667,6,121
Snacks & Sides,Medium French Fries,3.9 oz (111 g),0.1742627345844504,140,0.13559322033898305,24,2.5,11,0.0,0,0,0.05277777777777778,8,0.291970802919708,15,4,14,0,0.04597701149425287,0,45,2,4,0.13290113452188004,3.063063063063063,No,3.6036036036036037,6,77
Snacks & Sides,Large French Fries,5.9 oz (168 g),0.26541554959785524,220,0.2033898305084746,37,3.5,17,0.0,0,0,0.08055555555555556,12,0.4598540145985401,22,5,22,0,0.06896551724137931,0,70,2,8,0.22528363047001618,3.0357142857142856,No,3.571428571428571,6,62
Snacks & Sides,Kids French Fries,1.3 oz (38 g),0.050938337801608585,50,0.0423728813559322,8,1.0,4,0.0,0,0,0.018055555555555554,3,0.0802919708029197,5,1,5,0,0.011494252873563218,0,15,0,2,0.01458670988654781,2.8947368421052633,No,2.631578947368421,6,60
Snacks & Sides,Side Salad,3.1 oz (87 g),0.002680965147453083,0,0.0,0,0.0,0,0.0,0,0,0.002777777777777778,0,0.0,1,1,6,2,0.011494252873563218,45,25,2,4,0.09400324149108588,0.22988505747126436,No,1.1494252873563218,6,120
Snacks & Sides,Apple Slices,1.2 oz (34 g),0.0,0,0.0,0,0.0,0,0.0,0,0,0.0,0,0.0,1,0,0,3,0.0,0,160,2,0,0.008103727714748786,0.4411764705882353,Yes,0.0,6,0
Snacks & Sides,Fruit 'n Yogurt Parfait,5.2 oz (149 g),0.07238605898123325,20,0.01694915254237288,3,1.0,5,0.0,5,2,0.019444444444444445,3,0.1897810218978102,10,1,3,23,0.04597701149425287,2,15,10,4,0.1944894651539708,1.0067114093959733,Yes,2.684563758389262,6,50
Desserts,Baked Apple Pie,2.7 oz (77 g),0.1260053619302949,110,0.11016949152542373,19,7.0,35,0.0,0,0,0.04722222222222222,7,0.20437956204379562,11,4,15,13,0.022988505747126436,4,25,2,6,0.07779578606158832,3.2467532467532467,No,2.5974025974025974,3,15
Desserts,Chocolate Chip Cookie,1 cookie (33 g),0.0777479892761394,70,0.06779661016949153,12,3.5,19,0.0,10,3,0.025,4,0.12408759124087593,7,1,3,15,0.022988505747126436,2,0,2,8,0.006482982171799025,4.848484848484849,Yes,6.0606060606060606,3,37
Desserts,Oatmeal Raisin Cookie,1 cookie (33 g),0.07238605898123325,50,0.05084745762711865,9,2.5,13,0.0,10,3,0.0375,6,0.13138686131386862,7,1,3,13,0.022988505747126436,2,0,2,6,0.006482982171799025,4.545454545454546,Yes,6.0606060606060606,3,78
Desserts,Kids Ice Cream Cone,1 oz (29 g),0.016085790884718502,10,0.012711864406779662,2,1.0,4,0.0,5,2,0.005555555555555556,1,0.021897810218978103,2,0,0,6,0.011494252873563218,2,0,4,0,0.0,1.5517241379310345,Yes,3.4482758620689653,3,61
Desserts,Hot Fudge Sundae,6.3 oz (179 g),0.16890080428954424,80,0.07627118644067797,14,7.0,34,0.0,25,8,0.04722222222222222,7,0.3576642335766423,18,1,3,48,0.09195402298850575,8,0,25,8,0.24311183144246354,1.8435754189944134,Yes,4.4692737430167595,3,56
Desserts,Hot Caramel Sundae,6.4 oz (182 g),0.1742627345844504,70,0.06779661016949153,12,5.0,24,0.0,30,10,0.041666666666666664,6,0.4087591240875912,20,0,0,43,0.08045977011494253,10,0,25,0,0.2479740680713128,1.8681318681318682,Yes,3.8461538461538463,3,55
Desserts,Strawberry Sundae,6.3 oz (178 g),0.14209115281501342,60,0.05084745762711865,10,4.0,20,0.0,25,8,0.02361111111111111,4,0.3284671532846715,16,0,0,45,0.06896551724137931,8,4,20,0,0.24149108589951376,1.5730337078651686,Yes,3.3707865168539324,3,134
Smoothies & Shakes,Blueberry Pomegranate Smoothie (Small),12 fl oz cup,0.10991957104557641,5,0.00423728813559322,1,0.0,0,0.0,5,1,0.011111111111111112,2,0.3357664233576642,17,3,12,44,0.022988505747126436,0,2,6,2,0.4351701782820097,0.7394957983193278,Yes,0.6722689075630253,5,27
Smoothies & Shakes,Blueberry Pomegranate Smoothie (Medium),16 fl oz cup,0.13136729222520108,5,0.00847457627118644,1,0.0,0,0.0,5,1,0.013888888888888888,2,0.4233576642335766,21,4,15,54,0.034482758620689655,0,4,8,2,0.4351701782820097,0.8739495798319328,Yes,1.0084033613445378,5,26
Smoothies & Shakes,Blueberry Pomegranate Smoothie (Large),22 fl oz cup,0.1742627345844504,10,0.00847457627118644,2,0.5,3,0.0,5,2,0.018055555555555554,3,0.5474452554744526,26,5,19,70,0.04597701149425287,0,4,10,2,0.4351701782820097,1.1428571428571428,Yes,1.3445378151260505,5,25
Smoothies & Shakes,Strawberry Banana Smoothie (Small),12 fl oz cup,0.10455764075067024,5,0.00423728813559322,1,0.0,0,0.0,5,1,0.013888888888888888,2,0.3138686131386861,16,3,10,44,0.034482758620689655,0,30,8,2,0.4351701782820097,0.7058823529411765,Yes,1.0084033613445378,5,130
Smoothies & Shakes,Strawberry Banana Smoothie (Medium),16 fl oz cup,0.1260053619302949,5,0.00847457627118644,1,0.0,0,0.0,5,1,0.016666666666666666,2,0.3941605839416058,19,3,13,54,0.04597701149425287,0,35,8,4,0.4351701782820097,0.8403361344537815,Yes,1.3445378151260505,5,129
Smoothies & Shakes,Strawberry Banana Smoothie (Large),22 fl oz cup,0.16890080428954424,10,0.00847457627118644,2,0.5,3,0.0,5,2,0.022222222222222223,3,0.5109489051094891,25,4,16,70,0.05747126436781609,0,45,10,4,0.4351701782820097,1.1092436974789917,Yes,1.680672268907563,5,128
Smoothies & Shakes,Mango Pineapple Smoothie (Small),12 fl oz cup,0.10455764075067024,5,0.00423728813559322,1,0.0,0,0.0,5,1,0.011111111111111112,2,0.3357664233576642,17,1,4,46,0.022988505747126436,30,20,8,2,0.4351701782820097,0.7058823529411765,Yes,0.6722689075630253,5,65
Smoothies & Shakes,Mango Pineapple Smoothie (Medium),16 fl oz cup,0.13136729222520108,10,0.00847457627118644,1,0.0,0,0.0,5,1,0.0125,2,0.41605839416058393,20,1,5,56,0.034482758620689655,40,25,8,2,0.4351701782820097,0.8739495798319328,Yes,1.0084033613445378,5,64
Smoothies & Shakes,Mango Pineapple Smoothie (Large),22 fl oz cup,0.1742627345844504,10,0.00847457627118644,2,0.5,3,0.0,5,2,0.016666666666666666,3,0.5401459854014599,26,2,6,72,0.04597701149425287,50,30,10,2,0.4351701782820097,1.1428571428571428,Yes,1.3445378151260505,5,63
Smoothies & Shakes,Vanilla Shake (Small),12 fl oz cup,0.2761394101876676,140,0.1271186440677966,24,10.0,49,1.0,60,20,0.044444444444444446,7,0.5985401459854015,29,0,0,63,0.12643678160919541,20,0,40,0,0.4351701782820097,1.781512605042017,Yes,3.697478991596639,5,137
Smoothies & Shakes,Vanilla Shake (Medium),16 fl oz cup,0.34584450402144773,170,0.16101694915254236,29,12.0,61,1.0,75,24,0.05555555555555555,9,0.7664233576642336,36,0,0,81,0.16091954022988506,25,0,50,0,0.4351701782820097,2.2184873949579833,Yes,4.705882352941177,5,136
Smoothies & Shakes,Vanilla Shake (Large),22 fl oz cup,0.43163538873994645,210,0.19491525423728814,35,15.0,73,1.0,90,29,0.07222222222222222,11,0.9562043795620438,45,0,0,101,0.20689655172413793,30,0,60,0,0.4351701782820097,2.7563025210084033,Yes,6.050420168067227,5,135
Smoothies & Shakes,Strawberry Shake (Small),12 fl oz cup,0.2868632707774799,150,0.13559322033898305,25,10.0,52,1.0,60,21,0.044444444444444446,7,0.6277372262773723,30,0,0,79,0.13793103448275862,20,0,40,0,0.4351701782820097,1.8487394957983194,Yes,4.033613445378151,5,133
Smoothies & Shakes,Strawberry Shake (Medium),16 fl oz cup,0.36193029490616624,180,0.1694915254237288,30,13.0,63,1.0,75,25,0.058333333333333334,9,0.8029197080291971,38,0,0,100,0.1724137931034483,25,0,50,0,0.4351701782820097,2.319327731092437,Yes,5.042016806722689,5,132
Smoothies & Shakes,Strawberry Shake (Large),22 fl oz cup,0.4477211796246649,210,0.2033898305084746,36,15.0,75,1.0,90,30,0.07222222222222222,11,0.9927007299270072,47,0,0,123,0.20689655172413793,30,0,70,0,0.4351701782820097,2.857142857142857,Yes,6.050420168067227,5,131
Smoothies & Shakes,Chocolate Shake (Small),12 fl oz cup,0.2922252010723861,150,0.13559322033898305,25,10.0,51,1.0,60,20,0.06666666666666667,10,0.635036496350365,30,1,5,77,0.13793103448275862,20,0,40,8,0.4351701782820097,1.8823529411764706,Yes,4.033613445378151,5,40
Smoothies & Shakes,Chocolate Shake (Medium),16 fl oz cup,0.3672922252010724,180,0.1694915254237288,30,12.0,62,1.0,75,24,0.08333333333333333,13,0.8029197080291971,38,2,6,97,0.1724137931034483,25,0,50,10,0.4351701782820097,2.3529411764705883,Yes,5.042016806722689,5,39
Smoothies & Shakes,Chocolate Shake (Large),22 fl oz cup,0.4477211796246649,210,0.19491525423728814,36,15.0,74,1.0,85,29,0.10555555555555556,16,1.0,47,2,8,120,0.21839080459770116,30,0,60,15,0.4351701782820097,2.857142857142857,Yes,6.386554621848739,5,38
Smoothies & Shakes,Shamrock Shake (Medium),16 fl oz cup,0.34584450402144773,170,0.16101694915254236,29,12.0,61,1.0,75,24,0.058333333333333334,9,0.7664233576642336,36,0,0,93,0.16091954022988506,25,0,50,0,0.4351701782820097,2.2184873949579833,Yes,4.705882352941177,5,119
Smoothies & Shakes,Shamrock Shake (Large),22 fl oz cup,0.43163538873994645,210,0.19491525423728814,35,15.0,73,1.0,90,29,0.07222222222222222,11,0.9562043795620438,45,0,0,115,0.20689655172413793,30,0,60,0,0.4351701782820097,2.7563025210084033,Yes,6.050420168067227,5,118
Smoothies & Shakes,McFlurry with M&M’s Candies (Small),10.9 oz (310 g),0.34048257372654156,210,0.19491525423728814,35,14.0,72,0.5,50,17,0.05,7,0.6715328467153285,32,1,6,89,0.14942528735632182,15,0,45,8,0.45542949756888174,2.096774193548387,Yes,4.193548387096775,5,69
Smoothies & Shakes,McFlurry with M&M’s Candies (Medium),16.2 oz (460 g),0.49061662198391426,290,0.2796610169491525,50,20.0,102,1.0,75,25,0.07222222222222222,11,0.9854014598540146,46,2,7,128,0.22988505747126436,25,0,70,10,0.6985413290113452,2.0217391304347827,Yes,4.3478260869565215,5,68
Smoothies & Shakes,McFlurry with M&M’s Candies (Snack),7.3 oz (207 g),0.2225201072386059,140,0.1271186440677966,24,10.0,48,0.0,35,11,0.03333333333333333,5,0.437956204379562,21,1,4,59,0.10344827586206896,10,0,30,4,0.2884927066450567,2.077294685990338,Yes,4.3478260869565215,5,70
Smoothies & Shakes,McFlurry with Oreo Cookies (Small),10.1 oz (285 g),0.26541554959785524,150,0.1440677966101695,26,9.0,44,0.5,45,14,0.07777777777777778,12,0.5547445255474452,27,1,4,64,0.13793103448275862,15,0,40,8,0.41491085899513774,1.7894736842105263,Yes,4.2105263157894735,5,72
Smoothies & Shakes,McFlurry with Oreo Cookies (Medium),13.4 oz (381 g),0.36193029490616624,200,0.19491525423728814,35,12.0,58,1.0,55,19,0.10555555555555556,16,0.7445255474452555,35,1,5,85,0.1724137931034483,20,0,50,10,0.5705024311183144,1.811023622047244,Yes,3.937007874015748,5,71
Smoothies & Shakes,McFlurry with Oreo Cookies (Snack),6.7 oz (190 g),0.1742627345844504,100,0.09322033898305085,17,6.0,29,0.0,30,9,0.05277777777777778,8,0.3576642335766423,18,1,2,43,0.09195402298850575,10,0,25,6,0.26094003241491087,1.7894736842105263,Yes,4.2105263157894735,5,73
Smoothies & Shakes,McFlurry with Reese's Peanut Butter Cups (Medium),14.2 oz (403 g),0.4262734584450403,290,0.2711864406779661,50,15.0,76,1.0,60,20,0.1111111111111111,17,0.8029197080291971,38,2,9,103,0.24137931034482757,20,0,60,6,0.6061588330632091,2.009925558312655,Yes,5.2109181141439205,5,74
Smoothies & Shakes,McFlurry with Reese's Peanut Butter Cups (Snack),7.1 oz (202 g),0.2117962466487936,150,0.13559322033898305,25,8.0,38,0.0,30,10,0.05555555555555555,8,0.3868613138686131,19,1,5,51,0.11494252873563218,10,0,30,4,0.28038897893030795,2.0297029702970297,Yes,4.9504950495049505,5,75
